"source","question_id","outline_code","source_outline_code","correct_percent","subject","subtopic","key","path","pilot_question_status","has_finished_transform"
"ccg_finished","14824","31010107","31010107",,"EVIDENCE","Preliminary questions","B","C:\CCG\Finished\CQ14824.md","transformed_exact_code","True"
"foc_finished","14824","31010107","31010107",,"EVIDENCE","Preliminary questions","B","C:\FOC\Workspace\Finished\CQ14824.md","transformed_exact_code","True"
"foc_finished","14829","31010107","31010107",,"EVIDENCE","Preliminary questions","C","C:\FOC\Workspace\Finished\CQ14829.md","transformed_exact_code","True"
"foc_finished","14834","31010107","31010107",,"EVIDENCE","Preliminary questions","C","C:\FOC\Workspace\Finished\CQ14834.md","transformed_exact_code","True"
"foc_finished","14835","31010107","31010107",,"EVIDENCE","Preliminary questions","D","C:\FOC\Workspace\Finished\CQ14835.md","transformed_exact_code","True"
"foc_finished","14837","31010107","31010107",,"EVIDENCE","Preliminary questions","C","C:\FOC\Workspace\Finished\CQ14837.md","transformed_exact_code","True"
"foc_qbank","14824","31010107","31010107","42","Evidence","Presentation of Evidence","D","C:\FOC\Workspace\QBank\14824.md","in_scope_exact_code","True"
"foc_qbank","14829","31010107","31010107","72","Evidence","Presentation of Evidence","A","C:\FOC\Workspace\QBank\14829.md","in_scope_exact_code","True"
"foc_qbank","14834","31010107","31010107","81","Evidence","Presentation of Evidence","B","C:\FOC\Workspace\QBank\14834.md","in_scope_exact_code","True"
"foc_qbank","14835","31010107","31010107","69","Evidence","Presentation of Evidence","B","C:\FOC\Workspace\QBank\14835.md","in_scope_exact_code","True"
"foc_qbank","14837","31010107","31010107","75","Evidence","Presentation of Evidence","A","C:\FOC\Workspace\QBank\14837.md","in_scope_exact_code","True"
"foc_qbank","17268","31010107","31010107",,"Evidence","Presentation of Evidence","B","C:\FOC\Workspace\QBank\17268.md","in_scope_exact_code","False"
"foc_qbank","17896","31010107","31010107",,"Evidence","Presentation of Evidence","A","C:\FOC\Workspace\QBank\17896.md","in_scope_exact_code","False"
"foc_qbank","18422","31010107","31010107",,"Evidence","Presentation of Evidence","B","C:\FOC\Workspace\QBank\18422.md","in_scope_exact_code","False"
"foc_qbank","18910","31010107","31010107",,"Evidence","Presentation of Evidence","A","C:\FOC\Workspace\QBank\18910.md","in_scope_exact_code","False"
"foc_qbank","18970","31010107","31010107",,"Evidence","Presentation of Evidence","B","C:\FOC\Workspace\QBank\18970.md","in_scope_exact_code","False"
"foc_qbank","19107","31010107","31010107",,"Evidence","Presentation of Evidence","A","C:\FOC\Workspace\QBank\19107.md","in_scope_exact_code","False"
"foc_qbank","19675","31010107","31010107",,"Evidence","Presentation of Evidence","A","C:\FOC\Workspace\QBank\19675.md","in_scope_exact_code","False"
"foc_qbank","19693","31010107","31010107",,"Evidence","Presentation of Evidence","C","C:\FOC\Workspace\QBank\19693.md","in_scope_exact_code","False"
"foc_qbank","19989","31010107","31010107",,"Evidence","Presentation of Evidence","A","C:\FOC\Workspace\QBank\19989.md","in_scope_exact_code","False"
"foc_qbank","20048","31010107","31010107",,"Evidence","Presentation of Evidence","B","C:\FOC\Workspace\QBank\20048.md","in_scope_exact_code","False"
"foc_qbank","20116","31010107","31010107",,"Evidence","Presentation of Evidence","A","C:\FOC\Workspace\QBank\20116.md","in_scope_exact_code","False"
"foc_qbank","20154","31010107","31010107",,"Evidence","Presentation of Evidence","B","C:\FOC\Workspace\QBank\20154.md","in_scope_exact_code","False"
"foc_qbank","20336","31010107","31010107",,"Evidence","Presentation of Evidence","B","C:\FOC\Workspace\QBank\20336.md","in_scope_exact_code","False"
"foc_qbank","20848","31010107","31010107",,"Evidence","Presentation of Evidence","C","C:\FOC\Workspace\QBank\20848.md","in_scope_exact_code","False"
"foc_qbank","20976","31010107","31010107",,"Evidence","Presentation of Evidence","B","C:\FOC\Workspace\QBank\20976.md","in_scope_exact_code","False"
"foc_qbank","21052","31010107","31010107",,"Evidence","Presentation of Evidence","C","C:\FOC\Workspace\QBank\21052.md","in_scope_exact_code","False"
"foc_qbank","21082","31010107","31010107",,"Evidence","Presentation of Evidence","C","C:\FOC\Workspace\QBank\21082.md","in_scope_exact_code","False"
"foc_qbank","21511","31010107","31010107",,"Evidence","Presentation of Evidence","A","C:\FOC\Workspace\QBank\21511.md","in_scope_exact_code","False"
"foc_qbank","21703","31010107","31010107",,"Evidence","Presentation of Evidence","C","C:\FOC\Workspace\QBank\21703.md","in_scope_exact_code","False"
"foc_finished","14823","31010406","31010406",,"EVIDENCE","Witnesses","B","C:\FOC\Workspace\Finished\CQ14823.md","transformed_exact_code","True"
"foc_finished","14836","31010406","31010406",,"EVIDENCE","Truthfulness","A","C:\FOC\Workspace\Finished\CQ14836.md","transformed_exact_code","True"
"foc_finished","14844","31010406","31010406",,"EVIDENCE","Truthfulness","C","C:\FOC\Workspace\Finished\CQ14844.md","transformed_exact_code","True"
"foc_finished","14848","31010406","31010406",,"EVIDENCE","Presentation of Evidence","D","C:\FOC\Workspace\Finished\CQ14848.md","transformed_exact_code","True"
"foc_finished","22213","31010406","31010406",,"EVIDENCE","Truthfulness","B","C:\FOC\Workspace\Finished\CQ22213.md","transformed_exact_code","True"
"foc_finished","22232","31010406","31010406",,"EVIDENCE","Truthfulness","B","C:\FOC\Workspace\Finished\CQ22232.md","transformed_exact_code","True"
"foc_qbank","14823","31010406","31010406","55","Evidence","Presentation of Evidence","A","C:\FOC\Workspace\QBank\14823.md","in_scope_exact_code","True"
"foc_qbank","14836","31010406","31010406","67","Evidence","Presentation of Evidence","C","C:\FOC\Workspace\QBank\14836.md","in_scope_exact_code","True"
"foc_qbank","14844","31010406","31010406","46","Evidence","Presentation of Evidence","A","C:\FOC\Workspace\QBank\14844.md","in_scope_exact_code","True"
"foc_qbank","14848","31010406","31010406","78","Evidence","Presentation of Evidence","B","C:\FOC\Workspace\QBank\14848.md","in_scope_exact_code","True"
"foc_qbank","17065","31010406","31010406",,"Evidence","Presentation of Evidence","A","C:\FOC\Workspace\QBank\17065.md","in_scope_exact_code","False"
"foc_qbank","17169","31010406","31010406",,"Evidence","Presentation of Evidence","C","C:\FOC\Workspace\QBank\17169.md","in_scope_exact_code","False"
"foc_qbank","17321","31010406","31010406",,"Evidence","Presentation of Evidence","C","C:\FOC\Workspace\QBank\17321.md","in_scope_exact_code","False"
"foc_qbank","17373","31010406","31010406",,"Evidence","Presentation of Evidence","C","C:\FOC\Workspace\QBank\17373.md","in_scope_exact_code","False"
"foc_qbank","17730","31010406","31010406",,"Evidence","Presentation of Evidence","C","C:\FOC\Workspace\QBank\17730.md","in_scope_exact_code","False"
"foc_qbank","17753","31010406","31010406",,"Evidence","Presentation of Evidence","C","C:\FOC\Workspace\QBank\17753.md","in_scope_exact_code","False"
"foc_qbank","17822","31010406","31010406",,"Evidence","Presentation of Evidence","C","C:\FOC\Workspace\QBank\17822.md","in_scope_exact_code","False"
"foc_qbank","17996","31010406","31010406",,"Evidence","Presentation of Evidence","C","C:\FOC\Workspace\QBank\17996.md","in_scope_exact_code","False"
"foc_qbank","18627","31010406","31010406",,"Evidence","Presentation of Evidence","C","C:\FOC\Workspace\QBank\18627.md","in_scope_exact_code","False"
"foc_qbank","18705","31010406","31010406",,"Evidence","Presentation of Evidence","C","C:\FOC\Workspace\QBank\18705.md","in_scope_exact_code","False"
"foc_qbank","19013","31010406","31010406",,"Evidence","Presentation of Evidence","C","C:\FOC\Workspace\QBank\19013.md","in_scope_exact_code","False"
"foc_qbank","19297","31010406","31010406",,"Evidence","Presentation of Evidence","C","C:\FOC\Workspace\QBank\19297.md","in_scope_exact_code","False"
"foc_qbank","19806","31010406","31010406",,"Evidence","Presentation of Evidence","C","C:\FOC\Workspace\QBank\19806.md","in_scope_exact_code","False"
"foc_qbank","20298","31010406","31010406",,"Evidence","Presentation of Evidence","C","C:\FOC\Workspace\QBank\20298.md","in_scope_exact_code","False"
"foc_qbank","20423","31010406","31010406",,"Evidence","Presentation of Evidence","C","C:\FOC\Workspace\QBank\20423.md","in_scope_exact_code","False"
"foc_qbank","20464","31010406","31010406",,"Evidence","Presentation of Evidence","C","C:\FOC\Workspace\QBank\20464.md","in_scope_exact_code","False"
"foc_qbank","20683","31010406","31010406",,"Evidence","Presentation of Evidence","B","C:\FOC\Workspace\QBank\20683.md","in_scope_exact_code","False"
"foc_qbank","20841","31010406","31010406",,"Evidence","Presentation of Evidence","B","C:\FOC\Workspace\QBank\20841.md","in_scope_exact_code","False"
"foc_qbank","21242","31010406","31010406",,"Evidence","Presentation of Evidence","D","C:\FOC\Workspace\QBank\21242.md","in_scope_exact_code","False"
"foc_qbank","21406","31010406","31010406",,"Evidence","Presentation of Evidence","C","C:\FOC\Workspace\QBank\21406.md","in_scope_exact_code","False"
"foc_qbank","21418","31010406","31010406",,"Evidence","Presentation of Evidence","C","C:\FOC\Workspace\QBank\21418.md","in_scope_exact_code","False"
"foc_qbank","21466","31010406","31010406",,"Evidence","Presentation of Evidence","C","C:\FOC\Workspace\QBank\21466.md","in_scope_exact_code","False"
"foc_qbank","21484","31010406","31010406",,"Evidence","Presentation of Evidence","C","C:\FOC\Workspace\QBank\21484.md","in_scope_exact_code","False"
"foc_qbank","21738","31010406","31010406",,"Evidence","Presentation of Evidence","A","C:\FOC\Workspace\QBank\21738.md","in_scope_exact_code","False"
"foc_qbank","22213","31010406","31010406",,"Evidence","Presentation of Evidence","D","C:\FOC\Workspace\QBank\22213.md","in_scope_exact_code","True"
"foc_finished","14825","31010407","31010407",,"EVIDENCE","Refreshing recollection","C","C:\FOC\Workspace\Finished\CQ14825.md","transformed_exact_code","True"
"foc_finished","22211","31010407","31010407",,"EVIDENCE","Refreshing recollection","C","C:\FOC\Workspace\Finished\CQ22211.md","transformed_exact_code","True"
"foc_finished","22227","31010407","31010407",,"EVIDENCE","Refreshing recollection","C","C:\FOC\Workspace\Finished\CQ22227.md","transformed_exact_code","True"
"foc_qbank","14825","31010407","31010407","62","Evidence","Presentation of Evidence","A","C:\FOC\Workspace\QBank\14825.md","in_scope_exact_code","True"
"foc_qbank","17318","31010407","31010407",,"Evidence","Presentation of Evidence","B","C:\FOC\Workspace\QBank\17318.md","in_scope_exact_code","False"
"foc_qbank","18076","31010407","31010407",,"Evidence","Presentation of Evidence","D","C:\FOC\Workspace\QBank\18076.md","in_scope_exact_code","False"
"foc_qbank","18346","31010407","31010407",,"Evidence","Presentation of Evidence","C","C:\FOC\Workspace\QBank\18346.md","in_scope_exact_code","False"
"foc_qbank","18991","31010407","31010407",,"Evidence","Presentation of Evidence","C","C:\FOC\Workspace\QBank\18991.md","in_scope_exact_code","False"
"foc_qbank","19058","31010407","31010407",,"Evidence","Presentation of Evidence","D","C:\FOC\Workspace\QBank\19058.md","in_scope_exact_code","False"
"foc_qbank","19415","31010407","31010407",,"Evidence","Presentation of Evidence","C","C:\FOC\Workspace\QBank\19415.md","in_scope_exact_code","False"
"foc_qbank","19877","31010407","31010407",,"Evidence","Presentation of Evidence","B","C:\FOC\Workspace\QBank\19877.md","in_scope_exact_code","False"
"foc_qbank","20139","31010407","31010407",,"Evidence","Presentation of Evidence","C","C:\FOC\Workspace\QBank\20139.md","in_scope_exact_code","False"
"foc_qbank","20465","31010407","31010407",,"Evidence","Presentation of Evidence","C","C:\FOC\Workspace\QBank\20465.md","in_scope_exact_code","False"
"foc_qbank","20635","31010407","31010407",,"Evidence","Presentation of Evidence","C","C:\FOC\Workspace\QBank\20635.md","in_scope_exact_code","False"
"foc_qbank","21085","31010407","31010407",,"Evidence","Presentation of Evidence","C","C:\FOC\Workspace\QBank\21085.md","in_scope_exact_code","False"
"foc_qbank","21162","31010407","31010407",,"Evidence","Presentation of Evidence","C","C:\FOC\Workspace\QBank\21162.md","in_scope_exact_code","False"
"foc_qbank","21333","31010407","31010407",,"Evidence","Presentation of Evidence","B","C:\FOC\Workspace\QBank\21333.md","in_scope_exact_code","False"
"foc_qbank","21512","31010407","31010407",,"Evidence","Presentation of Evidence","B","C:\FOC\Workspace\QBank\21512.md","in_scope_exact_code","False"
"foc_qbank","21712","31010407","31010407",,"Evidence","Presentation of Evidence","B","C:\FOC\Workspace\QBank\21712.md","in_scope_exact_code","False"
"foc_qbank","21728","31010407","31010407",,"Evidence","Presentation of Evidence","C","C:\FOC\Workspace\QBank\21728.md","in_scope_exact_code","False"
"foc_qbank","22196","31010407","31010407",,"Evidence","Presentation of Evidence","D","C:\FOC\Workspace\QBank\22196.md","in_scope_exact_code","False"
"foc_qbank","22208","31010407","31010407",,"Evidence","Presentation of Evidence","D","C:\FOC\Workspace\QBank\22208.md","in_scope_exact_code","False"
"foc_qbank","22227","31010407","31010407",,"Evidence","Presentation of Evidence","B","C:\FOC\Workspace\QBank\22227.md","in_scope_exact_code","True"
"foc_qbank","22242","31010407","31010407",,"Evidence","Presentation of Evidence","C","C:\FOC\Workspace\QBank\22242.md","in_scope_exact_code","False"
"foc_finished","14765","31010503","31010503",,"EVIDENCE","Bias","B","C:\FOC\Workspace\Finished\CQ14765.md","transformed_exact_code","True"
"foc_finished","14826","31010503","31010503",,"EVIDENCE","Bias","C","C:\FOC\Workspace\Finished\CQ14826.md","transformed_exact_code","True"
"foc_finished","14830","31010503","31010503",,"EVIDENCE","Bias","C","C:\FOC\Workspace\Finished\CQ14830.md","transformed_exact_code","True"
"foc_finished","14840","31010503","31010503",,"EVIDENCE","Bias","C","C:\FOC\Workspace\Finished\CQ14840.md","transformed_exact_code","True"
"foc_finished","14852","31010503","31010503",,"EVIDENCE","Bias","C","C:\FOC\Workspace\Finished\CQ14852.md","transformed_exact_code","True"
"foc_qbank","14765","31010503","31010503","69","Evidence","Presentation of Evidence","A","C:\FOC\Workspace\QBank\14765.md","in_scope_exact_code","True"
"foc_qbank","14826","31010503","31010503","81","Evidence","Presentation of Evidence","A","C:\FOC\Workspace\QBank\14826.md","in_scope_exact_code","True"
"foc_qbank","14830","31010503","31010503","68","Evidence","Presentation of Evidence","D","C:\FOC\Workspace\QBank\14830.md","in_scope_exact_code","True"
"foc_qbank","14840","31010503","31010503","85","Evidence","Presentation of Evidence","C","C:\FOC\Workspace\QBank\14840.md","in_scope_exact_code","True"
"foc_qbank","14852","31010503","31010503","87","Evidence","Presentation of Evidence","A","C:\FOC\Workspace\QBank\14852.md","in_scope_exact_code","True"
"foc_qbank","17395","31010503","31010503",,"Evidence","Presentation of Evidence","B","C:\FOC\Workspace\QBank\17395.md","in_scope_exact_code","False"
"foc_qbank","18092","31010503","31010503",,"Evidence","Presentation of Evidence","C","C:\FOC\Workspace\QBank\18092.md","in_scope_exact_code","False"
"foc_qbank","18258","31010503","31010503",,"Evidence","Presentation of Evidence","B","C:\FOC\Workspace\QBank\18258.md","in_scope_exact_code","False"
"foc_qbank","18816","31010503","31010503",,"Evidence","Presentation of Evidence","D","C:\FOC\Workspace\QBank\18816.md","in_scope_exact_code","False"
"foc_qbank","18877","31010503","31010503",,"Evidence","Presentation of Evidence","C","C:\FOC\Workspace\QBank\18877.md","in_scope_exact_code","False"
"foc_qbank","19093","31010503","31010503",,"Evidence","Presentation of Evidence","B","C:\FOC\Workspace\QBank\19093.md","in_scope_exact_code","False"
"foc_qbank","19196","31010503","31010503",,"Evidence","Presentation of Evidence","C","C:\FOC\Workspace\QBank\19196.md","in_scope_exact_code","False"
"foc_qbank","19204","31010503","31010503",,"Evidence","Presentation of Evidence","D","C:\FOC\Workspace\QBank\19204.md","in_scope_exact_code","False"
"foc_qbank","19527","31010503","31010503",,"Evidence","Presentation of Evidence","C","C:\FOC\Workspace\QBank\19527.md","in_scope_exact_code","False"
"foc_qbank","19645","31010503","31010503",,"Evidence","Presentation of Evidence","A","C:\FOC\Workspace\QBank\19645.md","in_scope_exact_code","False"
"foc_qbank","19750","31010503","31010503",,"Evidence","Presentation of Evidence","C","C:\FOC\Workspace\QBank\19750.md","in_scope_exact_code","False"
"foc_qbank","19999","31010503","31010503",,"Evidence","Presentation of Evidence","B","C:\FOC\Workspace\QBank\19999.md","in_scope_exact_code","False"
"foc_qbank","20002","31010503","31010503",,"Evidence","Presentation of Evidence","A","C:\FOC\Workspace\QBank\20002.md","in_scope_exact_code","False"
"foc_qbank","20452","31010503","31010503",,"Evidence","Presentation of Evidence","D","C:\FOC\Workspace\QBank\20452.md","in_scope_exact_code","False"
"foc_qbank","20570","31010503","31010503",,"Evidence","Presentation of Evidence","C","C:\FOC\Workspace\QBank\20570.md","in_scope_exact_code","False"
"foc_qbank","20790","31010503","31010503",,"Evidence","Presentation of Evidence","D","C:\FOC\Workspace\QBank\20790.md","in_scope_exact_code","False"
"foc_qbank","20833","31010503","31010503",,"Evidence","Presentation of Evidence","A","C:\FOC\Workspace\QBank\20833.md","in_scope_exact_code","False"
"foc_qbank","20893","31010503","31010503",,"Evidence","Presentation of Evidence","A","C:\FOC\Workspace\QBank\20893.md","in_scope_exact_code","False"
"foc_qbank","20949","31010503","31010503",,"Evidence","Presentation of Evidence","B","C:\FOC\Workspace\QBank\20949.md","in_scope_exact_code","False"
"foc_qbank","20994","31010503","31010503",,"Evidence","Presentation of Evidence","D","C:\FOC\Workspace\QBank\20994.md","in_scope_exact_code","False"
"foc_qbank","21215","31010503","31010503",,"Evidence","Presentation of Evidence","C","C:\FOC\Workspace\QBank\21215.md","in_scope_exact_code","False"
"foc_qbank","21457","31010503","31010503",,"Evidence","Presentation of Evidence","D","C:\FOC\Workspace\QBank\21457.md","in_scope_exact_code","False"
"foc_qbank","21760","31010503","31010503",,"Evidence","Presentation of Evidence","D","C:\FOC\Workspace\QBank\21760.md","in_scope_exact_code","False"
"foc_finished","14872","32020302","32020302",,"EVIDENCE","Discretionary exclusion (undue prejudice, confusion, waste of time)","B","C:\FOC\Workspace\Finished\CQ14872.md","transformed_exact_code","True"
"foc_finished","14899","32020302","32020302",,"EVIDENCE","Discretionary exclusion (undue prejudice, confusion, waste of time)","C","C:\FOC\Workspace\Finished\CQ14899.md","transformed_exact_code","True"
"foc_finished","18503","32020302","32020302",,"EVIDENCE","Discretionary exclusion (undue prejudice, confusion, waste of time)","B","C:\FOC\Workspace\Finished\CQ18503.md","transformed_exact_code","True"
"foc_qbank","14872","32020302","32020302","64","Evidence","Relevancy and Excluding Relevant Evidence","D","C:\FOC\Workspace\QBank\14872.md","in_scope_exact_code","True"
"foc_qbank","14875","32020302","32020302","84","Evidence","Relevancy and Excluding Relevant Evidence","C","C:\FOC\Workspace\QBank\14875.md","in_scope_exact_code","False"
"foc_qbank","14899","32020302","32020302","76","Evidence","Relevancy and Excluding Relevant Evidence","B","C:\FOC\Workspace\QBank\14899.md","in_scope_exact_code","True"
"foc_qbank","17130","32020302","32020302",,"Evidence","Relevancy and Excluding Relevant Evidence","C","C:\FOC\Workspace\QBank\17130.md","in_scope_exact_code","False"
"foc_qbank","17323","32020302","32020302",,"Evidence","Relevancy and Excluding Relevant Evidence","D","C:\FOC\Workspace\QBank\17323.md","in_scope_exact_code","False"
"foc_qbank","17398","32020302","32020302",,"Evidence","Relevancy and Excluding Relevant Evidence","C","C:\FOC\Workspace\QBank\17398.md","in_scope_exact_code","False"
"foc_qbank","17506","32020302","32020302",,"Evidence","Relevancy and Excluding Relevant Evidence","C","C:\FOC\Workspace\QBank\17506.md","in_scope_exact_code","False"
"foc_qbank","18192","32020302","32020302",,"Evidence","Relevancy and Excluding Relevant Evidence","A","C:\FOC\Workspace\QBank\18192.md","in_scope_exact_code","False"
"foc_qbank","18343","32020302","32020302",,"Evidence","Relevancy and Excluding Relevant Evidence","B","C:\FOC\Workspace\QBank\18343.md","in_scope_exact_code","False"
"foc_qbank","18503","32020302","32020302",,"Evidence","Relevancy and Excluding Relevant Evidence","B","C:\FOC\Workspace\QBank\18503.md","in_scope_exact_code","True"
"foc_qbank","18665","32020302","32020302",,"Evidence","Relevancy and Excluding Relevant Evidence","B","C:\FOC\Workspace\QBank\18665.md","in_scope_exact_code","False"
"foc_qbank","19226","32020302","32020302",,"Evidence","Relevancy and Excluding Relevant Evidence","B","C:\FOC\Workspace\QBank\19226.md","in_scope_exact_code","False"
"foc_qbank","19236","32020302","32020302",,"Evidence","Relevancy and Excluding Relevant Evidence","A","C:\FOC\Workspace\QBank\19236.md","in_scope_exact_code","False"
"foc_qbank","19273","32020302","32020302",,"Evidence","Relevancy and Excluding Relevant Evidence","D","C:\FOC\Workspace\QBank\19273.md","in_scope_exact_code","False"
"foc_qbank","19809","32020302","32020302",,"Evidence","Relevancy and Excluding Relevant Evidence","A","C:\FOC\Workspace\QBank\19809.md","in_scope_exact_code","False"
"foc_qbank","20091","32020302","32020302",,"Evidence","Relevancy and Excluding Relevant Evidence","C","C:\FOC\Workspace\QBank\20091.md","in_scope_exact_code","False"
"foc_qbank","20181","32020302","32020302",,"Evidence","Relevancy and Excluding Relevant Evidence","A","C:\FOC\Workspace\QBank\20181.md","in_scope_exact_code","False"
"foc_qbank","20240","32020302","32020302",,"Evidence","Relevancy and Excluding Relevant Evidence","D","C:\FOC\Workspace\QBank\20240.md","in_scope_exact_code","False"
"foc_qbank","20457","32020302","32020302",,"Evidence","Relevancy and Excluding Relevant Evidence","C","C:\FOC\Workspace\QBank\20457.md","in_scope_exact_code","False"
"foc_qbank","20561","32020302","32020302",,"Evidence","Relevancy and Excluding Relevant Evidence","A","C:\FOC\Workspace\QBank\20561.md","in_scope_exact_code","False"
"foc_qbank","20783","32020302","32020302",,"Evidence","Relevancy and Excluding Relevant Evidence","B","C:\FOC\Workspace\QBank\20783.md","in_scope_exact_code","False"
"foc_qbank","20922","32020302","32020302",,"Evidence","Relevancy and Excluding Relevant Evidence","C","C:\FOC\Workspace\QBank\20922.md","in_scope_exact_code","False"
"foc_qbank","21110","32020302","32020302",,"Evidence","Relevancy and Excluding Relevant Evidence","C","C:\FOC\Workspace\QBank\21110.md","in_scope_exact_code","False"
"foc_qbank","22147","32020302","32020302",,"Evidence","Relevancy and Excluding Relevant Evidence","D","C:\FOC\Workspace\QBank\22147.md","in_scope_exact_code","False"
"foc_qbank","22209","32020302","32020302",,"Evidence","Relevancy and Excluding Relevant Evidence","A","C:\FOC\Workspace\QBank\22209.md","in_scope_exact_code","False"
"ccg_finished","14873","32020404","32020404",,"EVIDENCE","Character Evidence / Specific Acts for Noncharacter Purposes","B","C:\CCG\Finished\CQ14873.md","transformed_exact_code","True"
"ccg_finished","14896","32020404","32020404",,"EVIDENCE","Character Evidence — Other Crimes, Wrongs, or Acts","A","C:\CCG\Finished\CQ14896.md","transformed_exact_code","True"
"foc_finished","14873","32020404","32020404",,"EVIDENCE","Character Evidence / Specific Acts for Noncharacter Purposes","B","C:\FOC\Workspace\Finished\CQ14873.md","transformed_exact_code","True"
"foc_finished","14883","32020404","32020404",,"EVIDENCE","Specific acts for noncharacter purposes","B","C:\FOC\Workspace\Finished\CQ14883.md","transformed_exact_code","True"
"foc_finished","14896","32020404","32020404",,"EVIDENCE","Character Evidence — Other Crimes, Wrongs, or Acts","A","C:\FOC\Workspace\Finished\CQ14896.md","transformed_exact_code","True"
"foc_finished","19579","32020404","32020404",,"EVIDENCE","Specific acts for noncharacter purposes","B","C:\FOC\Workspace\Finished\CQ19579.md","transformed_exact_code","True"
"foc_finished","22231","32020404","32020404",,"EVIDENCE","General Provisions","C","C:\FOC\Workspace\Finished\CQ22231.md","transformed_exact_code","True"
"foc_qbank","14851","32020404","32020404","46","Evidence","Relevancy and Excluding Relevant Evidence","B","C:\FOC\Workspace\QBank\14851.md","in_scope_exact_code","False"
"foc_qbank","14873","32020404","32020404","48","Evidence","Relevancy and Excluding Relevant Evidence","C","C:\FOC\Workspace\QBank\14873.md","in_scope_exact_code","True"
"foc_qbank","14877","32020404","32020404","74","Evidence","Relevancy and Excluding Relevant Evidence","B","C:\FOC\Workspace\QBank\14877.md","in_scope_exact_code","False"
"foc_qbank","14883","32020404","32020404","60","Evidence","Relevancy and Excluding Relevant Evidence","C","C:\FOC\Workspace\QBank\14883.md","in_scope_exact_code","True"
"foc_qbank","19579","32020404","32020404",,"Evidence","Relevancy and Excluding Relevant Evidence","C","C:\FOC\Workspace\QBank\19579.md","in_scope_exact_code","True"
"foc_qbank","21553","32020404","32020404",,"Evidence","Relevancy and Excluding Relevant Evidence","A","C:\FOC\Workspace\QBank\21553.md","in_scope_exact_code","False"
"foc_finished","14763","33040203","33040203",,"EVIDENCE","Notice letter offered for non-hearsay purpose","C","C:\FOC\Workspace\Finished\CQ14763.md","transformed_exact_code","True"
"foc_finished","14772","33040203","33040203",,"EVIDENCE","Statements used for non-hearsay purposes","C","C:\FOC\Workspace\Finished\CQ14772.md","transformed_exact_code","True"
"foc_finished","14778","33040203","33040203",,"EVIDENCE","Statements used for non-hearsay purposes","C","C:\FOC\Workspace\Finished\CQ14778.md","transformed_exact_code","True"
"foc_finished","14808","33040203","33040203",,"EVIDENCE","Statements used for non-hearsay purposes","C","C:\FOC\Workspace\Finished\CQ14808.md","transformed_exact_code","True"
"foc_qbank","14763","33040203","33040203","27","Evidence","Hearsay and Circumstances of Its Admissibility","B","C:\FOC\Workspace\QBank\14763.md","in_scope_exact_code","True"
"foc_qbank","14772","33040203","33040203","76","Evidence","Hearsay and Circumstances of Its Admissibility","A","C:\FOC\Workspace\QBank\14772.md","in_scope_exact_code","True"
"foc_qbank","14778","33040203","33040203","68","Evidence","Hearsay and Circumstances of Its Admissibility","D","C:\FOC\Workspace\QBank\14778.md","in_scope_exact_code","True"
"foc_qbank","14807","33040203","33040203","66","Evidence","Hearsay and Circumstances of Its Admissibility","C","C:\FOC\Workspace\QBank\14807.md","in_scope_exact_code","False"
"foc_qbank","14808","33040203","33040203","61","Evidence","Hearsay and Circumstances of Its Admissibility","D","C:\FOC\Workspace\QBank\14808.md","in_scope_exact_code","True"
"foc_qbank","17577","33040203","33040203",,"Evidence","Hearsay and Circumstances of Its Admissibility","A","C:\FOC\Workspace\QBank\17577.md","in_scope_exact_code","False"
"foc_qbank","17984","33040203","33040203",,"Evidence","Hearsay and Circumstances of Its Admissibility","A","C:\FOC\Workspace\QBank\17984.md","in_scope_exact_code","False"
"foc_qbank","18414","33040203","33040203",,"Evidence","Hearsay and Circumstances of Its Admissibility","C","C:\FOC\Workspace\QBank\18414.md","in_scope_exact_code","False"
"foc_qbank","19797","33040203","33040203",,"Evidence","Hearsay and Circumstances of Its Admissibility","C","C:\FOC\Workspace\QBank\19797.md","in_scope_exact_code","False"
"foc_qbank","20285","33040203","33040203",,"Evidence","Hearsay and Circumstances of Its Admissibility","D","C:\FOC\Workspace\QBank\20285.md","in_scope_exact_code","False"
"foc_finished","14767","33040301","33040301",,"EVIDENCE","Hearsay and Circumstances of Its Admissibility","C","C:\FOC\Workspace\Finished\CQ14767.md","transformed_exact_code","True"
"foc_finished","14777","33040301","33040301",,"EVIDENCE","Requiring unavailability of declarant","C","C:\FOC\Workspace\Finished\CQ14777.md","transformed_exact_code","True"
"foc_finished","14781","33040301","33040301",,"EVIDENCE","Requiring unavailability of declarant","D","C:\FOC\Workspace\Finished\CQ14781.md","transformed_exact_code","True"
"foc_finished","22198","33040301","33040301",,"EVIDENCE","Hearsay Exceptions (Requiring Unavailability)","C","C:\FOC\Workspace\Finished\CQ22198.md","transformed_exact_code","True"
"foc_finished","22215","33040301","33040301",,"EVIDENCE","Requiring unavailability of declarant","C","C:\FOC\Workspace\Finished\CQ22215.md","transformed_exact_code","True"
"foc_qbank","14757","33040301","33040301","17","Evidence","Hearsay and Circumstances of Its Admissibility","D","C:\FOC\Workspace\QBank\14757.md","in_scope_exact_code","False"
"foc_qbank","14762","33040301","33040301","79","Evidence","Hearsay and Circumstances of Its Admissibility","A","C:\FOC\Workspace\QBank\14762.md","in_scope_exact_code","False"
"foc_qbank","14767","33040301","33040301","67","Evidence","Hearsay and Circumstances of Its Admissibility","A","C:\FOC\Workspace\QBank\14767.md","in_scope_exact_code","True"
"foc_qbank","14777","33040301","33040301","56","Evidence","Hearsay and Circumstances of Its Admissibility","B","C:\FOC\Workspace\QBank\14777.md","in_scope_exact_code","True"
"foc_qbank","14781","33040301","33040301","69","Evidence","Hearsay and Circumstances of Its Admissibility","C","C:\FOC\Workspace\QBank\14781.md","in_scope_exact_code","True"
"foc_qbank","17771","33040301","33040301",,"Evidence","Hearsay and Circumstances of Its Admissibility","A","C:\FOC\Workspace\QBank\17771.md","in_scope_exact_code","False"
"foc_qbank","19053","33040301","33040301",,"Evidence","Hearsay and Circumstances of Its Admissibility","A","C:\FOC\Workspace\QBank\19053.md","in_scope_exact_code","False"
"foc_qbank","21219","33040301","33040301",,"Evidence","Hearsay and Circumstances of Its Admissibility","C","C:\FOC\Workspace\QBank\21219.md","in_scope_exact_code","False"
"foc_qbank","22178","33040301","33040301",,"Evidence","Hearsay and Circumstances of Its Admissibility","B","C:\FOC\Workspace\QBank\22178.md","in_scope_exact_code","False"
"foc_qbank","22185","33040301","33040301",,"Evidence","Hearsay and Circumstances of Its Admissibility","B","C:\FOC\Workspace\QBank\22185.md","in_scope_exact_code","False"
"foc_qbank","22188","33040301","33040301",,"Evidence","Hearsay and Circumstances of Its Admissibility","A","C:\FOC\Workspace\QBank\22188.md","in_scope_exact_code","False"
"foc_qbank","22204","33040301","33040301",,"Evidence","Hearsay and Circumstances of Its Admissibility","A","C:\FOC\Workspace\QBank\22204.md","in_scope_exact_code","False"
"foc_qbank","22215","33040301","33040301",,"Evidence","Hearsay and Circumstances of Its Admissibility","B","C:\FOC\Workspace\QBank\22215.md","in_scope_exact_code","True"
"foc_finished","14766","33040302","33040302",,"EVIDENCE","Hearsay and Circumstances of Its Admissibility","C","C:\FOC\Workspace\Finished\CQ14766.md","transformed_exact_code","True"
"foc_finished","14769","33040302","33040302",,"EVIDENCE","Present sense impression and recorded recollection","D","C:\FOC\Workspace\Finished\CQ14769.md","transformed_exact_code","True"
"foc_finished","14773","33040302","33040302",,"EVIDENCE","Hearsay and Circumstances of Its Admissibility","B","C:\FOC\Workspace\Finished\CQ14773.md","transformed_exact_code","True"
"foc_finished","14776","33040302","33040302",,"EVIDENCE","Hearsay and Circumstances of Its Admissibility","C","C:\FOC\Workspace\Finished\CQ14776.md","transformed_exact_code","True"
"foc_finished","14783","33040302","33040302",,"EVIDENCE","Hearsay and Circumstances of Its Admissibility","C","C:\FOC\Workspace\Finished\CQ14783.md","transformed_exact_code","True"
"foc_finished","14785","33040302","33040302",,"EVIDENCE","Hearsay and Circumstances of Its Admissibility","A","C:\FOC\Workspace\Finished\CQ14785.md","transformed_exact_code","True"
"foc_finished","14789","33040302","33040302",,"EVIDENCE","Not requiring unavailability of declarant","C","C:\FOC\Workspace\Finished\CQ14789.md","transformed_exact_code","True"
"foc_finished","14791","33040302","33040302",,"EVIDENCE","Learned treatise exception","D","C:\FOC\Workspace\Finished\CQ14791.md","transformed_exact_code","True"
"foc_finished","14795","33040302","33040302",,"EVIDENCE","Not requiring unavailability of declarant","C","C:\FOC\Workspace\Finished\CQ14795.md","transformed_exact_code","True"
"foc_finished","14803","33040302","33040302",,"EVIDENCE","Not requiring unavailability of declarant","C","C:\FOC\Workspace\Finished\CQ14803.md","transformed_exact_code","True"
"foc_finished","14805","33040302","33040302",,"EVIDENCE","Not requiring unavailability of declarant","C","C:\FOC\Workspace\Finished\CQ14805.md","transformed_exact_code","True"
"foc_finished","14815","33040302","33040302",,"EVIDENCE","Hearsay and Circumstances of Its Admissibility","B","C:\FOC\Workspace\Finished\CQ14815.md","transformed_exact_code","True"
"foc_finished","22150","33040302","33040302",,"EVIDENCE","Hearsay Exceptions - Not requiring unavailability of declarant","A","C:\FOC\Workspace\Finished\CQ22150.md","transformed_exact_code","True"
"foc_finished","22152","33040302","33040302",,"EVIDENCE","Hearsay Exceptions - Not requiring unavailability of declarant","C","C:\FOC\Workspace\Finished\CQ22152.md","transformed_exact_code","True"
"foc_finished","22157","33040302","33040302",,"EVIDENCE","Hearsay Exceptions Not Requiring Unavailability","C","C:\FOC\Workspace\Finished\CQ22157.md","transformed_exact_code","True"
"foc_finished","22225","33040302","33040302",,"EVIDENCE","Witnesses","B","C:\FOC\Workspace\Finished\CQ22225.md","transformed_exact_code","True"
"foc_finished","22238","33040302","33040302",,"EVIDENCE","Hearsay rule","D","C:\FOC\Workspace\Finished\CQ22238.md","transformed_exact_code","True"
"foc_qbank","14766","33040302","33040302","68","Evidence","Hearsay and Circumstances of Its Admissibility","A","C:\FOC\Workspace\QBank\14766.md","in_scope_exact_code","True"
"foc_qbank","14769","33040302","33040302","50","Evidence","Hearsay and Circumstances of Its Admissibility","C","C:\FOC\Workspace\QBank\14769.md","in_scope_exact_code","True"
"foc_qbank","14773","33040302","33040302","65","Evidence","Hearsay and Circumstances of Its Admissibility","D","C:\FOC\Workspace\QBank\14773.md","in_scope_exact_code","True"
"foc_qbank","14774","33040302","33040302","72","Evidence","Hearsay and Circumstances of Its Admissibility","A","C:\FOC\Workspace\QBank\14774.md","in_scope_exact_code","False"
"foc_qbank","14776","33040302","33040302","71","Evidence","Hearsay and Circumstances of Its Admissibility","A","C:\FOC\Workspace\QBank\14776.md","in_scope_exact_code","True"
"foc_qbank","14779","33040302","33040302","80","Evidence","Hearsay and Circumstances of Its Admissibility","A","C:\FOC\Workspace\QBank\14779.md","in_scope_exact_code","False"
"foc_qbank","14782","33040302","33040302","57","Evidence","Hearsay and Circumstances of Its Admissibility","C","C:\FOC\Workspace\QBank\14782.md","in_scope_exact_code","False"
"foc_qbank","14783","33040302","33040302","52","Evidence","Hearsay and Circumstances of Its Admissibility","A","C:\FOC\Workspace\QBank\14783.md","in_scope_exact_code","True"
"foc_qbank","14784","33040302","33040302","84","Evidence","Hearsay and Circumstances of Its Admissibility","B","C:\FOC\Workspace\QBank\14784.md","in_scope_exact_code","False"
"foc_qbank","14785","33040302","33040302","63","Evidence","Hearsay and Circumstances of Its Admissibility","C","C:\FOC\Workspace\QBank\14785.md","in_scope_exact_code","True"
"foc_qbank","14786","33040302","33040302","75","Evidence","Hearsay and Circumstances of Its Admissibility","B","C:\FOC\Workspace\QBank\14786.md","in_scope_exact_code","False"
"foc_qbank","14787","33040302","33040302","79","Evidence","Hearsay and Circumstances of Its Admissibility","D","C:\FOC\Workspace\QBank\14787.md","in_scope_exact_code","False"
"foc_qbank","14789","33040302","33040302","82","Evidence","Hearsay and Circumstances of Its Admissibility","B","C:\FOC\Workspace\QBank\14789.md","in_scope_exact_code","True"
"foc_qbank","14790","33040302","33040302","72","Evidence","Hearsay and Circumstances of Its Admissibility","A","C:\FOC\Workspace\QBank\14790.md","in_scope_exact_code","False"
"foc_qbank","14791","33040302","33040302","44","Evidence","Hearsay and Circumstances of Its Admissibility","A","C:\FOC\Workspace\QBank\14791.md","in_scope_exact_code","True"
"foc_qbank","14792","33040302","33040302","80","Evidence","Hearsay and Circumstances of Its Admissibility","D","C:\FOC\Workspace\QBank\14792.md","in_scope_exact_code","False"
"foc_qbank","14794","33040302","33040302","58","Evidence","Hearsay and Circumstances of Its Admissibility","C","C:\FOC\Workspace\QBank\14794.md","in_scope_exact_code","False"
"foc_qbank","14795","33040302","33040302","62","Evidence","Hearsay and Circumstances of Its Admissibility","A","C:\FOC\Workspace\QBank\14795.md","in_scope_exact_code","True"
"foc_qbank","14801","33040302","33040302","80","Evidence","Hearsay and Circumstances of Its Admissibility","B","C:\FOC\Workspace\QBank\14801.md","in_scope_exact_code","False"
"foc_qbank","14802","33040302","33040302","91","Evidence","Hearsay and Circumstances of Its Admissibility","D","C:\FOC\Workspace\QBank\14802.md","in_scope_exact_code","False"
"foc_qbank","14803","33040302","33040302","66","Evidence","Hearsay and Circumstances of Its Admissibility","A","C:\FOC\Workspace\QBank\14803.md","in_scope_exact_code","True"
"foc_qbank","14805","33040302","33040302","50","Evidence","Hearsay and Circumstances of Its Admissibility","A","C:\FOC\Workspace\QBank\14805.md","in_scope_exact_code","True"
"foc_qbank","14810","33040302","33040302","82","Evidence","Hearsay and Circumstances of Its Admissibility","C","C:\FOC\Workspace\QBank\14810.md","in_scope_exact_code","False"
"foc_qbank","14815","33040302","33040302","61","Evidence","Hearsay and Circumstances of Its Admissibility","D","C:\FOC\Workspace\QBank\14815.md","in_scope_exact_code","True"
"foc_qbank","17198","33040302","33040302",,"Evidence","Hearsay and Circumstances of Its Admissibility","B","C:\FOC\Workspace\QBank\17198.md","in_scope_exact_code","False"
"foc_qbank","17365","33040302","33040302",,"Evidence","Hearsay and Circumstances of Its Admissibility","A","C:\FOC\Workspace\QBank\17365.md","in_scope_exact_code","False"
"foc_qbank","17403","33040302","33040302",,"Evidence","Hearsay and Circumstances of Its Admissibility","A","C:\FOC\Workspace\QBank\17403.md","in_scope_exact_code","False"
"foc_qbank","17509","33040302","33040302",,"Evidence","Hearsay and Circumstances of Its Admissibility","B","C:\FOC\Workspace\QBank\17509.md","in_scope_exact_code","False"
"foc_qbank","17681","33040302","33040302",,"Evidence","Hearsay and Circumstances of Its Admissibility","D","C:\FOC\Workspace\QBank\17681.md","in_scope_exact_code","False"
"foc_qbank","17697","33040302","33040302",,"Evidence","Hearsay and Circumstances of Its Admissibility","C","C:\FOC\Workspace\QBank\17697.md","in_scope_exact_code","False"
"foc_qbank","17879","33040302","33040302",,"Evidence","Hearsay and Circumstances of Its Admissibility","C","C:\FOC\Workspace\QBank\17879.md","in_scope_exact_code","False"
"foc_qbank","17960","33040302","33040302",,"Evidence","Hearsay and Circumstances of Its Admissibility","A","C:\FOC\Workspace\QBank\17960.md","in_scope_exact_code","False"
"foc_qbank","18350","33040302","33040302",,"Evidence","Hearsay and Circumstances of Its Admissibility","D","C:\FOC\Workspace\QBank\18350.md","in_scope_exact_code","False"
"foc_qbank","18378","33040302","33040302",,"Evidence","Hearsay and Circumstances of Its Admissibility","B","C:\FOC\Workspace\QBank\18378.md","in_scope_exact_code","False"
"foc_qbank","18660","33040302","33040302",,"Evidence","Hearsay and Circumstances of Its Admissibility","C","C:\FOC\Workspace\QBank\18660.md","in_scope_exact_code","False"
"foc_qbank","18775","33040302","33040302",,"Evidence","Hearsay and Circumstances of Its Admissibility","B","C:\FOC\Workspace\QBank\18775.md","in_scope_exact_code","False"
"foc_qbank","19700","33040302","33040302",,"Evidence","Hearsay and Circumstances of Its Admissibility","B","C:\FOC\Workspace\QBank\19700.md","in_scope_exact_code","False"
"foc_qbank","19824","33040302","33040302",,"Evidence","Hearsay and Circumstances of Its Admissibility","C","C:\FOC\Workspace\QBank\19824.md","in_scope_exact_code","False"
"foc_qbank","20111","33040302","33040302",,"Evidence","Hearsay and Circumstances of Its Admissibility","B","C:\FOC\Workspace\QBank\20111.md","in_scope_exact_code","False"
"foc_qbank","20383","33040302","33040302",,"Evidence","Hearsay and Circumstances of Its Admissibility","C","C:\FOC\Workspace\QBank\20383.md","in_scope_exact_code","False"
"foc_qbank","20679","33040302","33040302",,"Evidence","Hearsay and Circumstances of Its Admissibility","A","C:\FOC\Workspace\QBank\20679.md","in_scope_exact_code","False"
"foc_qbank","20765","33040302","33040302",,"Evidence","Hearsay and Circumstances of Its Admissibility","B","C:\FOC\Workspace\QBank\20765.md","in_scope_exact_code","False"
"foc_qbank","20795","33040302","33040302",,"Evidence","Hearsay and Circumstances of Its Admissibility","B","C:\FOC\Workspace\QBank\20795.md","in_scope_exact_code","False"
"foc_qbank","21132","33040302","33040302",,"Evidence","Hearsay and Circumstances of Its Admissibility","C","C:\FOC\Workspace\QBank\21132.md","in_scope_exact_code","False"
"foc_qbank","21137","33040302","33040302",,"Evidence","Hearsay and Circumstances of Its Admissibility","A","C:\FOC\Workspace\QBank\21137.md","in_scope_exact_code","False"
"foc_qbank","21502","33040302","33040302",,"Evidence","Hearsay and Circumstances of Its Admissibility","D","C:\FOC\Workspace\QBank\21502.md","in_scope_exact_code","False"
"foc_qbank","21630","33040302","33040302",,"Evidence","Hearsay and Circumstances of Its Admissibility","C","C:\FOC\Workspace\QBank\21630.md","in_scope_exact_code","False"
"foc_qbank","22148","33040302","33040302",,"Evidence","Hearsay and Circumstances of Its Admissibility","C","C:\FOC\Workspace\QBank\22148.md","in_scope_exact_code","False"
"foc_finished","14863","35030304","35030304",,"EVIDENCE","Liability insurance",,"C:\FOC\Workspace\Finished\CQ14863.md","transformed_exact_code","True"
"foc_finished","14863","35030304","35030304",,"EVIDENCE","Liability insurance",,"C:\FOC\Workspace\Finished\CQ14863_updated.md","transformed_exact_code","True"
"foc_finished","22156","35030304","35030304",,"EVIDENCE","General Provisions","B","C:\FOC\Workspace\Finished\CQ22156.md","transformed_exact_code","True"
"foc_finished","22229","35030304","35030304",,"EVIDENCE","Liability insurance","B","C:\FOC\Workspace\Finished\CQ22229.md","transformed_exact_code","True"
"foc_qbank","14863","35030304","35030304","94","Evidence","Privileges and Other Policy Exclusions","D","C:\FOC\Workspace\QBank\14863.md","in_scope_exact_code","True"
"foc_qbank","17192","35030304","35030304",,"Evidence","Privileges and Other Policy Exclusions","A","C:\FOC\Workspace\QBank\17192.md","in_scope_exact_code","False"
"foc_qbank","17761","35030304","35030304",,"Evidence","Privileges and Other Policy Exclusions","A","C:\FOC\Workspace\QBank\17761.md","in_scope_exact_code","False"
"foc_qbank","18539","35030304","35030304",,"Evidence","Privileges and Other Policy Exclusions","D","C:\FOC\Workspace\QBank\18539.md","in_scope_exact_code","False"
"foc_qbank","18664","35030304","35030304",,"Evidence","Privileges and Other Policy Exclusions","A","C:\FOC\Workspace\QBank\18664.md","in_scope_exact_code","False"
"foc_qbank","20515","35030304","35030304",,"Evidence","Privileges and Other Policy Exclusions","A","C:\FOC\Workspace\QBank\20515.md","in_scope_exact_code","False"
"foc_qbank","20804","35030304","35030304",,"Evidence","Privileges and Other Policy Exclusions","B","C:\FOC\Workspace\QBank\20804.md","in_scope_exact_code","False"
"foc_qbank","22265","35030304","35030304",,"Evidence","Privileges and Other Policy Exclusions","C","C:\FOC\Workspace\QBank\22265.md","in_scope_exact_code","False"
